1	1	0.024376
1	1	0.004798
1	1	0.004129
1	1	0.004313
1	1	0.003700
1	1	0.003296
2	2	0.003049
1	1	0.003435
1	1	0.002772
1	1	0.002553
1	1	0.002789
2	2	0.002524
1	1	0.002278
2	2	0.002321
1	1	0.002506
1	1	0.001989
1	1	0.002092
1	1	0.002128
2	2	0.002162
1	1	0.001950
1	1	0.001984
1	1	0.002068
1	1	0.002147
2	2	0.002121
1	1	0.002780
1	1	0.002408
1	1	0.001787
1	1	0.001843
1	1	0.002040
1	1	0.002011
1	1	0.001777
3	3	0.002795
2	2	0.002539
2	2	0.002044
2	2	0.001867
2	2	0.001839
1	1	0.001862
1	1	0.002001
1	1	0.001871
14	11	0.004285
3	3	0.002028
22	21	0.014573
1	1	0.002434
3	3	0.002008
2	2	0.002028
3	3	0.002158
2	2	0.002502
3	3	0.002146
3	3	0.002227
2	2	0.002425
3	3	0.002213
1	1	0.002172
1	1	0.001924
1	1	0.002012
1	1	0.002000
1	1	0.001962
1	1	0.001911
1	1	0.001925
1	1	0.001902
1	1	0.001842
1	1	0.001851
1	1	0.001807
2	2	0.001723
1	1	0.001752
2	2	0.002320
2	2	0.002777
1	1	0.001930
1	1	0.001843
2	2	0.001751
2	2	0.002035
4	4	0.001937
2	2	0.001969
1	1	0.002647
2	2	0.001992
2	2	0.002021
5	5	0.002045
1	1	0.001913
1	1	0.001845
3	3	0.001873
1	1	0.001924
1	1	0.001878
1	1	0.001841
2	2	0.001860
3	3	0.001923
10	10	0.002010
3	2	0.003835
1	1	0.001790
9	9	0.002040
4	4	0.001874
3	3	0.001902
4	4	0.001984
6	6	0.002139
3	3	0.001963
14	13	0.004576
12	12	0.002485
8	8	0.002193
11	11	0.001898
8	8	0.002042
5	5	0.001898
22	21	0.004612
3	3	0.001815
11	11	0.002291
5	5	0.001839
11	11	0.002215
3	3	0.001801
25	24	0.006913
3	3	0.002064
21	20	0.004799
2	2	0.002120
14	14	0.002508
6	6	0.001912
4	4	0.001885
15	15	0.001970
7	7	0.001896
6	6	0.002038
5	5	0.002072
19	18	0.005447
5	4	0.004628
17	15	0.007058
5	5	0.002194
11	11	0.002028
12	12	0.003142
24	23	0.004540
14	14	0.002224
4	4	0.001869
6	6	0.001959
8	8	0.002025
4	4	0.001857
6	6	0.002778
14	13	0.004657
25	25	0.002299
14	14	0.001959
6	6	0.002058
8	7	0.003998
7	7	0.001935
8	8	0.001817
3	3	0.001983
3	3	0.001838
6	5	0.005172
5	5	0.002046
6	6	0.001798
2	2	0.001794
17	16	0.005495
5	5	0.002063
5	5	0.001954
12	12	0.002097
4	3	0.004290
10	10	0.001875
11	11	0.001899
5	5	0.002236
7	7	0.001840
6	6	0.001889
4	4	0.001870
11	11	0.003222
5	5	0.001953
5	5	0.001986
7	7	0.002020
3	3	0.001772
11	10	0.005523
4	4	0.001873
3	3	0.001749
4	4	0.001829
10	8	0.004347
4	4	0.001858
9	9	0.002674
6	6	0.002349
5	5	0.001801
4	4	0.001937
13	13	0.002307
10	10	0.002891
13	13	0.002492
14	14	0.002510
16	16	0.002757
5	4	0.003916
16	14	0.004955
9	9	0.001948
7	7	0.001918
8	7	0.003980
13	13	0.002066
9	7	0.004322
23	21	0.005879
7	7	0.002039
1	1	0.001906
3	3	0.001906
1	1	0.001847
1	1	0.001830
1	1	0.001857
5	5	0.002440
3	3	0.002408
3	3	0.002099
2	2	0.001957
1	1	0.001965
3	3	0.002162
7	7	0.002366
1	1	0.002012
3	3	0.002686
4	1	0.005606
4	4	0.002723
3	3	0.002364
4	4	0.002197
4	4	0.002431
4	4	0.002468
2	2	0.002089
4	4	0.002097
2	2	0.002079
7	7	0.002944
2	2	0.002103
11	11	0.002532
4	4	0.002675
6	5	0.004411
5	4	0.004385
5	5	0.002023
9	9	0.002183
4	4	0.001836
4	4	0.001926
5	5	0.001997
4	4	0.002051
6	6	0.002409
6	6	0.002033
3	3	0.001996
5	5	0.002071
5	4	0.004572
5	4	0.004403
4	3	0.004226
4	4	0.001845
4	4	0.001782
8	7	0.005069
8	8	0.003434
4	4	0.001817
6	5	0.004131
4	4	0.001936
6	5	0.003843
3	3	0.001898
8	8	0.001839
9	9	0.001869
4	4	0.002071
7	6	0.005355
2	2	0.001949
3	3	0.001964
2	2	0.001911
2	2	0.001844
2	2	0.001941
7	7	0.002114
3	3	0.001895
6	6	0.002030
7	7	0.001874
23	23	0.002232
23	22	0.004968
16	14	0.006928
2	2	0.002155
8	7	0.004556
6	6	0.002151
4	4	0.002611
24	24	0.002917
3	3	0.001925
4	4	0.002024
16	15	0.004273
6	6	0.001981
11	10	0.004657
9	9	0.001922
16	15	0.004478
8	8	0.001865
10	10	0.002618
8	8	0.001897
3	3	0.001791
2	2	0.001756
10	10	0.002027
16	16	0.002182
15	15	0.002248
12	12	0.001962
4	4	0.001919
9	6	0.004287
22	21	0.004591
10	9	0.004423
3	3	0.002154
3	3	0.003088
2	2	0.002277
21	20	0.004475
15	15	0.002089
6	6	0.001877
8	8	0.002703
12	11	0.004534
16	16	0.002792
8	8	0.002919
11	11	0.002295
22	19	0.006044
9	9	0.002114
13	13	0.002845
23	21	0.006015
2	2	0.001917
6	6	0.001923
22	18	0.005521
5	5	0.002112
22	21	0.004805
3	3	0.001798
21	21	0.002411
2	2	0.003081
6	6	0.002192
10	10	0.002104
7	7	0.002101
2	2	0.002138
4	4	0.002553
13	11	0.004257
3	3	0.001791
3	3	0.002528
7	7	0.002190
5	5	0.002135
5	5	0.002155
5	5	0.001968
5	5	0.001973
6	6	0.002054
11	11	0.002662
3	3	0.002335
10	10	0.001997
2	2	0.001798
9	9	0.001925
7	7	0.001996
5	4	0.005073
10	10	0.002004
3	3	0.001908
11	11	0.003090
5	5	0.002038
5	5	0.002796
9	9	0.002426
2	2	0.002167
6	6	0.002948
3	3	0.002279
9	9	0.001961
22	18	0.004726
13	13	0.002002
10	10	0.002101
5	5	0.002914
7	6	0.004964
6	6	0.002048
4	4	0.001814
5	5	0.001994
2	2	0.001905
9	9	0.002095
11	11	0.002108
9	9	0.001993
6	6	0.002104
23	21	0.005492
20	18	0.004706
15	15	0.002291
12	11	0.004329
6	6	0.002095
23	22	0.005196
4	4	0.002052
22	20	0.004871
6	6	0.004000
21	21	0.002534
5	5	0.001876
3	3	0.001935
4	4	0.002058
2	2	0.001896
9	9	0.002215
4	4	0.002085
5	4	0.005660
2	2	0.002502
2	2	0.002342
9	9	0.002946
4	4	0.002500
3	3	0.002020
8	8	0.002135
3	3	0.001972
1	1	0.002319
2	2	0.002411
2	2	0.001968
7	7	0.002098
8	8	0.002678
1	1	0.002038
2	2	0.002254
8	8	0.002464
5	5	0.002072
7	7	0.002117
4	4	0.002047
8	6	0.004486
6	5	0.004569
6	6	0.002188
5	5	0.002247
3	3	0.002704
2	2	0.002417
3	3	0.002250
7	7	0.002181
7	7	0.002013
3	3	0.001979
8	8	0.001965
6	5	0.004733
4	4	0.002116
8	8	0.002235
4	3	0.004253
3	3	0.002013
4	4	0.002380
3	3	0.001921
2	2	0.002072
3	3	0.001962
5	5	0.002256
5	5	0.002003
5	5	0.001965
8	8	0.002021
3	3	0.001987
12	12	0.002170
6	6	0.002739
5	5	0.002605
4	4	0.002368
3	3	0.002371
7	7	0.002460
2	2	0.001957
5	5	0.001923
4	4	0.001959
19	16	0.005077
3	3	0.002110
2	2	0.002008
3	3	0.002161
1	1	0.002473
19	17	0.004893
18	18	0.003863
18	18	0.003377
9	9	0.002438
11	11	0.002308
4	4	0.002862
13	13	0.002053
15	14	0.004578
9	9	0.002311
7	7	0.002034
4	4	0.002020
20	19	0.004336
26	26	0.002306
27	27	0.002374
3	3	0.002009
4	4	0.002308
2	2	0.001954
12	12	0.002201
8	8	0.002636
15	12	0.006129
11	11	0.001966
11	11	0.002064
7	7	0.002558
14	14	0.002009
2	2	0.001851
17	17	0.002609
2	2	0.002384
27	27	0.002610
1	1	0.001941
7	7	0.002138
16	16	0.002768
24	21	0.006145
3	3	0.001980
13	12	0.004534
4	4	0.002096
24	22	0.004679
6	6	0.002039
5	5	0.002318
22	20	0.005375
21	21	0.002346
19	18	0.005108
8	8	0.001873
2	2	0.001820
13	12	0.004973
10	10	0.002623
4	4	0.002095
4	4	0.001875
4	4	0.002010
4	4	0.002124
5	5	0.001934
3	3	0.001824
6	5	0.003854
9	9	0.002047
6	6	0.002773
6	6	0.001920
4	3	0.004042
8	7	0.003910
17	17	0.002211
23	20	0.004860
11	11	0.002181
6	6	0.002644
7	7	0.002021
4	4	0.002158
24	21	0.006061
15	13	0.004783
8	8	0.002472
5	5	0.001956
7	7	0.002151
4	4	0.003285
4	4	0.001868
22	4	0.004613
3	3	0.001808
13	13	0.001889
7	7	0.002088
7	7	0.001957
8	8	0.002041
7	6	0.003946
6	6	0.002549
2	2	0.001870
13	11	0.005182
9	9	0.002369
21	21	0.002186
3	3	0.001972
8	8	0.002063
3	3	0.001945
16	15	0.004475
21	19	0.005703
9	8	0.003965
17	14	0.006384
15	13	0.004666
18	17	0.005292
25	23	0.006586
22	21	0.005777
19	18	0.005518
5	5	0.002334
3	3	0.001928
3	3	0.001815
24	19	0.004663
16	14	0.004437
16	16	0.003233
2	2	0.001881
2	2	0.001856
13	13	0.002053
4	4	0.002477
4	3	0.003911
8	8	0.002196
17	13	0.004637
7	5	0.004928
16	15	0.005942
14	13	0.004818
4	3	0.004599
34	32	0.007729
17	11	0.004642
9	8	0.004443
34	19	0.006249
8	8	0.001975
4	4	0.001952
16	16	0.002850
24	24	0.003347
6	6	0.002115
20	20	0.002557
9	9	0.001933
12	10	0.004706
11	11	0.002541
9	9	0.001963
5	5	0.001842
3	3	0.001830
20	16	0.004399
8	6	0.005231
16	16	0.002545
23	21	0.004654
13	11	0.005677
12	10	0.004724
20	15	0.005457
8	8	0.002234
15	15	0.002148
4	4	0.002083
24	22	0.004794
15	15	0.002227
18	17	0.006276
20	19	0.004762
4	4	0.002029
9	8	0.004171
1	1	0.001909
19	16	0.004700
15	12	0.004517
14	10	0.004384
6	5	0.004430
11	10	0.005699
12	11	0.005690
7	5	0.005672
1	1	0.001935
21	21	0.002715
10	7	0.005103
12	11	0.004552
7	5	0.004396
22	19	0.004692
22	22	0.002208
16	16	0.002373
19	18	0.004852
12	8	0.004123
11	10	0.005336
7	7	0.001941
24	23	0.005869
10	10	0.001955
15	13	0.004492
13	11	0.004489
9	8	0.003974
18	18	0.002061
7	1	0.004593
4	3	0.005479
3	3	0.002149
20	20	0.002949
12	11	0.004036
6	6	0.002570
7	7	0.002308
6	6	0.001984
26	25	0.005411
20	14	0.004907
27	25	0.005966
1	1	0.001907
19	19	0.002688
15	15	0.002010
25	20	0.004496
5	5	0.001741
25	24	0.006149
10	8	0.004295
10	10	0.002579
23	23	0.003222
24	22	0.005518
16	15	0.004923
12	12	0.001943
1	1	0.001843
2	1	0.005024
9	8	0.005260
21	16	0.005939
21	18	0.006077
21	18	0.004812
22	17	0.005003
22	17	0.004762
23	23	0.002814
23	23	0.003124
21	18	0.005461
5	5	0.002007
12	8	0.004927
1	1	0.001813
23	16	0.008301
24	23	0.005597
21	20	0.005481
10	10	0.002170
16	6	0.004766
24	23	0.005725
24	21	0.004548
13	13	0.002137
25	24	0.005559
25	20	0.004619
16	16	0.002703
19	19	0.002130
22	22	0.002364
9	8	0.005080
26	25	0.004939
23	23	0.002254
21	18	0.005858
5	4	0.004765
23	23	0.002259
3	3	0.001855
11	10	0.004166
7	7	0.002075
16	16	0.002063
20	14	0.004878
6	6	0.001939
17	16	0.004488
13	13	0.002064
21	16	0.006478
20	18	0.005877
22	22	0.002160
16	13	0.004288
23	22	0.006024
15	13	0.004711
21	6	0.005130
8	8	0.001977
18	18	0.002444
23	16	0.010403
1	1	0.002372
24	23	0.006620
2	2	0.002681
10	10	0.003232
14	6	0.005478
13	11	0.005533
27	25	0.006140
19	18	0.005814
2	2	0.002073
7	1	0.003983
21	21	0.002701
24	23	0.005368
23	23	0.002342
6	5	0.004260
16	16	0.002294
16	16	0.003139
2	2	0.001985
7	7	0.001831
8	8	0.002112
23	16	0.008972
22	22	0.003157
12	8	0.004617
1	1	0.002001
4	3	0.004141
21	16	0.006240
20	16	0.007325
23	23	0.002325
15	12	0.005104
12	11	0.004457
7	5	0.004435
14	10	0.004372
6	5	0.004262
25	25	0.002278
22	19	0.005404
11	10	0.004689
17	6	0.004650
22	6	0.004728
12	12	0.002025
12	11	0.005848
27	25	0.005980
4	4	0.001923
4	4	0.001971
3	3	0.002852
3	3	0.002223
3	3	0.002306
2	2	0.002050
3	3	0.002297
1	1	0.002603
11	11	0.002110
3	3	0.002202
1	1	0.001870
23	16	0.009893
24	15	0.004664
2	1	0.004208
8	7	0.005084
1	1	0.002058
9	8	0.006096
21	16	0.006077
20	18	0.005581
4	4	0.001892
16	16	0.002477
18	16	0.004266
22	21	0.005213
24	23	0.005890
19	16	0.004876
24	23	0.006576
4	4	0.001991
6	6	0.001940
20	18	0.004339
9	9	0.001979
12	10	0.004443
22	22	0.002485
22	22	0.003011
14	11	0.004248
24	20	0.005656
10	7	0.005089
10	7	0.004548
10	7	0.006074
5	5	0.001876
9	9	0.002014
7	7	0.002588
19	13	0.005235
16	15	0.004462
1	1	0.001953
4	4	0.001982
8	5	0.004346
20	16	0.004304
14	14	0.002481
16	16	0.002790
16	16	0.002780
8	5	0.004125
8	6	0.005924
16	16	0.002656
22	19	0.005293
9	9	0.002523
6	6	0.002080
23	21	0.004851
13	11	0.005658
16	16	0.002282
10	6	0.004875
22	6	0.004665
12	10	0.004458
11	6	0.004502
22	6	0.004777
20	6	0.004558
16	6	0.004650
20	15	0.005333
8	8	0.002096
15	15	0.002039
8	8	0.002095
25	23	0.006333
24	22	0.004958
13	13	0.002111
23	18	0.004859
15	15	0.002160
27	25	0.006032
13	11	0.004620
7	7	0.002136
3	3	0.002029
8	7	0.004458
8	6	0.004558
3	3	0.001926
6	4	0.004139
2	2	0.001905
4	4	0.001889
4	4	0.001896
5	5	0.002051
2	2	0.002154
2	2	0.002427
18	16	0.004412
2	2	0.002177
10	10	0.001949
25	23	0.005062
2	1	0.004744
1	1	0.001879
3	2	0.004179
5	5	0.001861
4	4	0.001871
3	3	0.001849
7	7	0.002018
5	4	0.004139
8	7	0.004261
24	20	0.004825
2	2	0.002333
2	2	0.001852
2	2	0.001930
2	2	0.002471
4	4	0.002123
6	6	0.001917
9	8	0.004469
2	2	0.001930
18	18	0.002577
7	5	0.003988
2	2	0.001754
7	7	0.002076
3	1	0.003920
2	2	0.001778
6	6	0.001984
14	13	0.005324
2	2	0.002011
18	17	0.005392
23	16	0.008386
20	19	0.004648
4	4	0.001988
9	8	0.003947
7	1	0.004043
7	5	0.005912
22	5	0.006108
12	8	0.004045
2	2	0.002071
2	1	0.005170
1	1	0.001759
2	2	0.001875
4	1	0.005431
1	1	0.002003
11	1	0.004304
1	1	0.001724
28	10	0.004811
4	4	0.001965
2	1	0.003918
2	1	0.004425
2	2	0.001836
23	15	0.005607
9	6	0.005111
16	11	0.004964
12	11	0.004556
11	8	0.004515
13	10	0.004119
8	3	0.005094
